País de residencia;Tipo de dato;Año;Mes;Total
Alemania;Dato base;2019;1;517785
Bélgica;Dato base;2019;1;120461
Estados Unidos de América;Dato base;2019;1;148607
Francia;Dato base;2019;1;446062
Irlanda;Dato base;2019;1;89650
Italia;Dato base;2019;1;245224
Países Bajos;Dato base;2019;1;152557
Países Nórdicos;Dato base;2019;1;378280
Portugal;Dato base;2019;1;141690
Reino Unido;Dato base;2019;1;807362
Resto América;Dato base;2019;1;254827
Resto de Europa;Dato base;2019;1;369273
Resto del Mundo;Dato base;2019;1;379212
Rusia;Dato base;2019;1;66650
Suiza;Dato base;2019;1;78000
Alemania;Dato base;2019;2;548064
Bélgica;Dato base;2019;2;122700
Estados Unidos de América;Dato base;2019;2;134549
Francia;Dato base;2019;2;566827
Irlanda;Dato base;2019;2;90556
Italia;Dato base;2019;2;263903
Países Bajos;Dato base;2019;2;168722
Países Nórdicos;Dato base;2019;2;392980
Portugal;Dato base;2019;2;145289
Reino Unido;Dato base;2019;2;885676
Resto América;Dato base;2019;2;206506
Resto de Europa;Dato base;2019;2;394226
Resto del Mundo;Dato base;2019;2;321603
Rusia;Dato base;2019;2;49956
Suiza;Dato base;2019;2;88945
Alemania;Dato base;2019;3;809144
Bélgica;Dato base;2019;3;178684
Estados Unidos de América;Dato base;2019;3;245642
Francia;Dato base;2019;3;676480
Irlanda;Dato base;2019;3;124441
Italia;Dato base;2019;3;320311
Países Bajos;Dato base;2019;3;221834
Países Nórdicos;Dato base;2019;3;493878
Portugal;Dato base;2019;3;184721
Reino Unido;Dato base;2019;3;1109683
Resto América;Dato base;2019;3;264724
Resto de Europa;Dato base;2019;3;432480
Resto del Mundo;Dato base;2019;3;402645
Rusia;Dato base;2019;3;70851
Suiza;Dato base;2019;3;114059
Alemania;Dato base;2019;4;1072814
Bélgica;Dato base;2019;4;242254
Estados Unidos de América;Dato base;2019;4;258668
Francia;Dato base;2019;4;1019617
Irlanda;Dato base;2019;4;173919
Italia;Dato base;2019;4;388321
Países Bajos;Dato base;2019;4;296074
Países Nórdicos;Dato base;2019;4;450295
Portugal;Dato base;2019;4;231213
Reino Unido;Dato base;2019;4;1461671
Resto América;Dato base;2019;4;293192
Resto de Europa;Dato base;2019;4;526060
Resto del Mundo;Dato base;2019;4;472754
Rusia;Dato base;2019;4;83726
Suiza;Dato base;2019;4;175457
Alemania;Dato base;2019;5;1085570
Bélgica;Dato base;2019;5;204034
Estados Unidos de América;Dato base;2019;5;344081
Francia;Dato base;2019;5;1020302
Irlanda;Dato base;2019;5;237509
Italia;Dato base;2019;5;403175
Países Bajos;Dato base;2019;5;426675
Países Nórdicos;Dato base;2019;5;431764
Portugal;Dato base;2019;5;159476
Reino Unido;Dato base;2019;5;1950529
Resto América;Dato base;2019;5;374846
Resto de Europa;Dato base;2019;5;616029
Resto del Mundo;Dato base;2019;5;410132
Rusia;Dato base;2019;5;123984
Suiza;Dato base;2019;5;131098
Alemania;Dato base;2019;6;1295337
Bélgica;Dato base;2019;6;245796
Estados Unidos de América;Dato base;2019;6;434190
Francia;Dato base;2019;6;958217
Irlanda;Dato base;2019;6;282177
Italia;Dato base;2019;6;405887
Países Bajos;Dato base;2019;6;395792
Países Nórdicos;Dato base;2019;6;497735
Portugal;Dato base;2019;6;229556
Reino Unido;Dato base;2019;6;2074006
Resto América;Dato base;2019;6;370334
Resto de Europa;Dato base;2019;6;694440
Resto del Mundo;Dato base;2019;6;577667
Rusia;Dato base;2019;6;182043
Suiza;Dato base;2019;6;190718
Alemania;Dato base;2019;7;1243087
Bélgica;Dato base;2019;7;385358
Estados Unidos de América;Dato base;2019;7;424512
Francia;Dato base;2019;7;1436108
Irlanda;Dato base;2019;7;286096
Italia;Dato base;2019;7;481829
Países Bajos;Dato base;2019;7;508260
Países Nórdicos;Dato base;2019;7;662151
Portugal;Dato base;2019;7;256503
Reino Unido;Dato base;2019;7;2154808
Resto América;Dato base;2019;7;372981
Resto de Europa;Dato base;2019;7;712534
Resto del Mundo;Dato base;2019;7;518224
Rusia;Dato base;2019;7;183441
Suiza;Dato base;2019;7;247378
Alemania;Dato base;2019;8;1130065
Bélgica;Dato base;2019;8;306038
Estados Unidos de América;Dato base;2019;8;274194
Francia;Dato base;2019;8;2019857
Irlanda;Dato base;2019;8;266927
Italia;Dato base;2019;8;671330
Países Bajos;Dato base;2019;8;454867
Países Nórdicos;Dato base;2019;8;391171
Portugal;Dato base;2019;8;389692
Reino Unido;Dato base;2019;8;2172298
Resto América;Dato base;2019;8;345582
Resto de Europa;Dato base;2019;8;686542
Resto del Mundo;Dato base;2019;8;636466
Rusia;Dato base;2019;8;177019
Suiza;Dato base;2019;8;196316
Alemania;Dato base;2019;9;1265644
Bélgica;Dato base;2019;9;267754
Estados Unidos de América;Dato base;2019;9;363472
Francia;Dato base;2019;9;984031
Irlanda;Dato base;2019;9;253182
Italia;Dato base;2019;9;431263
Países Bajos;Dato base;2019;9;375562
Países Nórdicos;Dato base;2019;9;480401
Portugal;Dato base;2019;9;256227
Reino Unido;Dato base;2019;9;2094377
Resto América;Dato base;2019;9;424042
Resto de Europa;Dato base;2019;9;681821
Resto del Mundo;Dato base;2019;9;602447
Rusia;Dato base;2019;9;165380
Suiza;Dato base;2019;9;199550
Alemania;Dato base;2019;10;1126442
Bélgica;Dato base;2019;10;183385
Estados Unidos de América;Dato base;2019;10;304838
Francia;Dato base;2019;10;893084
Irlanda;Dato base;2019;10;195168
Italia;Dato base;2019;10;323855
Países Bajos;Dato base;2019;10;337848
Países Nórdicos;Dato base;2019;10;562666
Portugal;Dato base;2019;10;174778
Reino Unido;Dato base;2019;10;1643636
Resto América;Dato base;2019;10;396760
Resto de Europa;Dato base;2019;10;598012
Resto del Mundo;Dato base;2019;10;532272
Rusia;Dato base;2019;10;104958
Suiza;Dato base;2019;10;210047
Alemania;Dato base;2019;11;569008
Bélgica;Dato base;2019;11;139559
Estados Unidos de América;Dato base;2019;11;217435
Francia;Dato base;2019;11;574259
Irlanda;Dato base;2019;11;94334
Italia;Dato base;2019;11;294195
Países Bajos;Dato base;2019;11;182139
Países Nórdicos;Dato base;2019;11;424650
Portugal;Dato base;2019;11;123350
Reino Unido;Dato base;2019;11;872392
Resto América;Dato base;2019;11;226741
Resto de Europa;Dato base;2019;11;383600
Resto del Mundo;Dato base;2019;11;408660
Rusia;Dato base;2019;11;53368
Suiza;Dato base;2019;11;91331
Alemania;Dato base;2019;12;495062
Bélgica;Dato base;2019;12;129864
Estados Unidos de América;Dato base;2019;12;174682
Francia;Dato base;2019;12;552553
Irlanda;Dato base;2019;12;83633
Italia;Dato base;2019;12;305220
Países Bajos;Dato base;2019;12;163930
Países Nórdicos;Dato base;2019;12;364141
Portugal;Dato base;2019;12;136294
Reino Unido;Dato base;2019;12;786044
Resto América;Dato base;2019;12;236741
Resto de Europa;Dato base;2019;12;346405
Resto del Mundo;Dato base;2019;12;388502
Rusia;Dato base;2019;12;52703
Suiza;Dato base;2019;12;88968
Alemania;Dato base;2020;1;493713
Bélgica;Dato base;2020;1;118701
Estados Unidos de América;Dato base;2020;1;142008
Francia;Dato base;2020;1;481062
Irlanda;Dato base;2020;1;85670
Italia;Dato base;2020;1;235011
Países Bajos;Dato base;2020;1;162843
Países Nórdicos;Dato base;2020;1;340509
Portugal;Dato base;2020;1;129995
Reino Unido;Dato base;2020;1;714288
Resto América;Dato base;2020;1;303966
Resto de Europa;Dato base;2020;1;365070
Resto del Mundo;Dato base;2020;1;420136
Rusia;Dato base;2020;1;63712
Suiza;Dato base;2020;1;76339
Alemania;Dato base;2020;2;533079
Bélgica;Dato base;2020;2;133042
Estados Unidos de América;Dato base;2020;2;124813
Francia;Dato base;2020;2;592609
Irlanda;Dato base;2020;2;96119
Italia;Dato base;2020;2;255313
Países Bajos;Dato base;2020;2;195975
Países Nórdicos;Dato base;2020;2;396370
Portugal;Dato base;2020;2;181813
Reino Unido;Dato base;2020;2;888521
Resto América;Dato base;2020;2;239018
Resto de Europa;Dato base;2020;2;372725
Resto del Mundo;Dato base;2020;2;286181
Rusia;Dato base;2020;2;46340
Suiza;Dato base;2020;2;85426
Alemania;Dato base;2020;3;273067
Bélgica;Dato base;2020;3;65045
Estados Unidos de América;Dato base;2020;3;78643
Francia;Dato base;2020;3;286821
Irlanda;Dato base;2020;3;38104
Italia;Dato base;2020;3;62417
Países Bajos;Dato base;2020;3;95360
Países Nórdicos;Dato base;2020;3;166244
Portugal;Dato base;2020;3;68710
Reino Unido;Dato base;2020;3;399515
Resto América;Dato base;2020;3;134830
Resto de Europa;Dato base;2020;3;162384
Resto del Mundo;Dato base;2020;3;106412
Rusia;Dato base;2020;3;21724
Suiza;Dato base;2020;3;37985
Alemania;Dato base;2020;4;0
Bélgica;Dato base;2020;4;0
Estados Unidos de América;Dato base;2020;4;0
Francia;Dato base;2020;4;0
Irlanda;Dato base;2020;4;0
Italia;Dato base;2020;4;0
Países Bajos;Dato base;2020;4;0
Países Nórdicos;Dato base;2020;4;0
Portugal;Dato base;2020;4;0
Reino Unido;Dato base;2020;4;0
Resto América;Dato base;2020;4;0
Resto de Europa;Dato base;2020;4;0
Resto del Mundo;Dato base;2020;4;0
Rusia;Dato base;2020;4;0
Suiza;Dato base;2020;4;0
Alemania;Dato base;2020;5;0
Bélgica;Dato base;2020;5;0
Estados Unidos de América;Dato base;2020;5;0
Francia;Dato base;2020;5;0
Irlanda;Dato base;2020;5;0
Italia;Dato base;2020;5;0
Países Bajos;Dato base;2020;5;0
Países Nórdicos;Dato base;2020;5;0
Portugal;Dato base;2020;5;0
Reino Unido;Dato base;2020;5;0
Resto América;Dato base;2020;5;0
Resto de Europa;Dato base;2020;5;0
Resto del Mundo;Dato base;2020;5;0
Rusia;Dato base;2020;5;0
Suiza;Dato base;2020;5;0
Alemania;Dato base;2020;6;34547
Bélgica;Dato base;2020;6;10225
Estados Unidos de América;Dato base;2020;6;.
Francia;Dato base;2020;6;67859
Irlanda;Dato base;2020;6;.
Italia;Dato base;2020;6;11355
Países Bajos;Dato base;2020;6;13128
Países Nórdicos;Dato base;2020;6;4736
Portugal;Dato base;2020;6;.
Reino Unido;Dato base;2020;6;9436
Resto América;Dato base;2020;6;.
Resto de Europa;Dato base;2020;6;22087
Resto del Mundo;Dato base;2020;6;.
Rusia;Dato base;2020;6;.
Suiza;Dato base;2020;6;3970
Alemania;Dato base;2020;7;430014
Bélgica;Dato base;2020;7;153256
Estados Unidos de América;Dato base;2020;7;15117
Francia;Dato base;2020;7;596334
Irlanda;Dato base;2020;7;31137
Italia;Dato base;2020;7;103190
Países Bajos;Dato base;2020;7;191104
Países Nórdicos;Dato base;2020;7;94344
Portugal;Dato base;2020;7;90284
Reino Unido;Dato base;2020;7;379039
Resto América;Dato base;2020;7;40643
Resto de Europa;Dato base;2020;7;179860
Resto del Mundo;Dato base;2020;7;73625
Rusia;Dato base;2020;7;.
Suiza;Dato base;2020;7;82714
Alemania;Dato base;2020;8;296447
Bélgica;Dato base;2020;8;118043
Estados Unidos de América;Dato base;2020;8;12656
Francia;Dato base;2020;8;865789
Irlanda;Dato base;2020;8;25569
Italia;Dato base;2020;8;136812
Países Bajos;Dato base;2020;8;151213
Países Nórdicos;Dato base;2020;8;47819
Portugal;Dato base;2020;8;111022
Reino Unido;Dato base;2020;8;254236
Resto América;Dato base;2020;8;56681
Resto de Europa;Dato base;2020;8;235307
Resto del Mundo;Dato base;2020;8;78960
Rusia;Dato base;2020;8;.
Suiza;Dato base;2020;8;47293
Alemania;Dato base;2020;9;88109
Bélgica;Dato base;2020;9;39491
Estados Unidos de América;Dato base;2020;9;9849
Francia;Dato base;2020;9;390674
Irlanda;Dato base;2020;9;15930
Italia;Dato base;2020;9;59535
Países Bajos;Dato base;2020;9;33789
Países Nórdicos;Dato base;2020;9;35833
Portugal;Dato base;2020;9;70442
Reino Unido;Dato base;2020;9;162489
Resto América;Dato base;2020;9;51620
Resto de Europa;Dato base;2020;9;130892
Resto del Mundo;Dato base;2020;9;28355
Rusia;Dato base;2020;9;4000
Suiza;Dato base;2020;9;17860
Alemania;Dato base;2020;10;83329
Bélgica;Dato base;2020;10;39997
Estados Unidos de América;Dato base;2020;10;8450
Francia;Dato base;2020;10;381401
Irlanda;Dato base;2020;10;15056
Italia;Dato base;2020;10;37782
Países Bajos;Dato base;2020;10;35237
Países Nórdicos;Dato base;2020;10;51090
Portugal;Dato base;2020;10;43784
Reino Unido;Dato base;2020;10;148009
Resto América;Dato base;2020;10;31584
Resto de Europa;Dato base;2020;10;98050
Resto del Mundo;Dato base;2020;10;27153
Rusia;Dato base;2020;10;4563
Suiza;Dato base;2020;10;15290
Alemania;Dato base;2020;11;76410
Bélgica;Dato base;2020;11;27709
Estados Unidos de América;Dato base;2020;11;4752
Francia;Dato base;2020;11;61360
Irlanda;Dato base;2020;11;8448
Italia;Dato base;2020;11;21115
Países Bajos;Dato base;2020;11;18346
Países Nórdicos;Dato base;2020;11;18036
Portugal;Dato base;2020;11;26201
Reino Unido;Dato base;2020;11;85351
Resto América;Dato base;2020;11;17359
Resto de Europa;Dato base;2020;11;57742
Resto del Mundo;Dato base;2020;11;18568
Rusia;Dato base;2020;11;2426
Suiza;Dato base;2020;11;12990
Alemania;Dato base;2020;12;82722
Bélgica;Dato base;2020;12;37902
Estados Unidos de América;Dato base;2020;12;7150
Francia;Dato base;2020;12;163841
Irlanda;Dato base;2020;12;12596
Italia;Dato base;2020;12;24875
Países Bajos;Dato base;2020;12;21366
Países Nórdicos;Dato base;2020;12;20348
Portugal;Dato base;2020;12;32978
Reino Unido;Dato base;2020;12;109320
Resto América;Dato base;2020;12;24744
Resto de Europa;Dato base;2020;12;67957
Resto del Mundo;Dato base;2020;12;22103
Rusia;Dato base;2020;12;3882
Suiza;Dato base;2020;12;17206
Alemania;Dato base;2021;1;51123
Bélgica;Dato base;2021;1;23971
Estados Unidos de América;Dato base;2021;1;6087
Francia;Dato base;2021;1;117726
Irlanda;Dato base;2021;1;8336
Italia;Dato base;2021;1;22824
Países Bajos;Dato base;2021;1;15914
Países Nórdicos;Dato base;2021;1;19409
Portugal;Dato base;2021;1;28762
Reino Unido;Dato base;2021;1;23260
Resto América;Dato base;2021;1;20679
Resto de Europa;Dato base;2021;1;61573
Resto del Mundo;Dato base;2021;1;19477
Rusia;Dato base;2021;1;3353
Suiza;Dato base;2021;1;15477
Alemania;Dato base;2021;2;36877
Bélgica;Dato base;2021;2;9049
Estados Unidos de América;Dato base;2021;2;5417
Francia;Dato base;2021;2;74937
Irlanda;Dato base;2021;2;3810
Italia;Dato base;2021;2;19660
Países Bajos;Dato base;2021;2;11409
Países Nórdicos;Dato base;2021;2;11824
Portugal;Dato base;2021;2;19887
Reino Unido;Dato base;2021;2;14367
Resto América;Dato base;2021;2;19210
Resto de Europa;Dato base;2021;2;47808
Resto del Mundo;Dato base;2021;2;1515
Rusia;Dato base;2021;2;2532
Suiza;Dato base;2021;2;6673
Alemania;Dato base;2021;3;104567
Bélgica;Dato base;2021;3;12509
Estados Unidos de América;Dato base;2021;3;7188
Francia;Dato base;2021;3;105698
Irlanda;Dato base;2021;3;4061
Italia;Dato base;2021;3;30609
Países Bajos;Dato base;2021;3;18160
Países Nórdicos;Dato base;2021;3;21267
Portugal;Dato base;2021;3;22783
Reino Unido;Dato base;2021;3;19748
Resto América;Dato base;2021;3;25667
Resto de Europa;Dato base;2021;3;70668
Resto del Mundo;Dato base;2021;3;31890
Rusia;Dato base;2021;3;4260
Suiza;Dato base;2021;3;12352
Alemania;Dato base;2021;4;143500
Bélgica;Dato base;2021;4;24223
Estados Unidos de América;Dato base;2021;4;7726
Francia;Dato base;2021;4;115683
Irlanda;Dato base;2021;4;5459
Italia;Dato base;2021;4;40255
Países Bajos;Dato base;2021;4;26989
Países Nórdicos;Dato base;2021;4;26846
Portugal;Dato base;2021;4;24369
Reino Unido;Dato base;2021;4;23860
Resto América;Dato base;2021;4;25592
Resto de Europa;Dato base;2021;4;95486
Resto del Mundo;Dato base;2021;4;27797
Rusia;Dato base;2021;4;.
Suiza;Dato base;2021;4;38362
Alemania;Dato base;2021;5;338709
Bélgica;Dato base;2021;5;69112
Estados Unidos de América;Dato base;2021;5;14769
Francia;Dato base;2021;5;330343
Irlanda;Dato base;2021;5;8064
Italia;Dato base;2021;5;62693
Países Bajos;Dato base;2021;5;72196
Países Nórdicos;Dato base;2021;5;42166
Portugal;Dato base;2021;5;59443
Reino Unido;Dato base;2021;5;51128
Resto América;Dato base;2021;5;54380
Resto de Europa;Dato base;2021;5;150346
Resto del Mundo;Dato base;2021;5;40574
Rusia;Dato base;2021;5;4374
Suiza;Dato base;2021;5;64866
Alemania;Dato base;2021;6;500058
Bélgica;Dato base;2021;6;102035
Estados Unidos de América;Dato base;2021;6;41616
Francia;Dato base;2021;6;438734
Irlanda;Dato base;2021;6;15764
Italia;Dato base;2021;6;134073
Países Bajos;Dato base;2021;6;147337
Países Nórdicos;Dato base;2021;6;111756
Portugal;Dato base;2021;6;105021
Reino Unido;Dato base;2021;6;142482
Resto América;Dato base;2021;6;67076
Resto de Europa;Dato base;2021;6;246424
Resto del Mundo;Dato base;2021;6;79495
Rusia;Dato base;2021;6;11480
Suiza;Dato base;2021;6;73006
Alemania;Dato base;2021;7;707397
Bélgica;Dato base;2021;7;257589
Estados Unidos de América;Dato base;2021;7;121228
Francia;Dato base;2021;7;875875
Irlanda;Dato base;2021;7;62202
Italia;Dato base;2021;7;220126
Países Bajos;Dato base;2021;7;292840
Países Nórdicos;Dato base;2021;7;297318
Portugal;Dato base;2021;7;149583
Reino Unido;Dato base;2021;7;554277
Resto América;Dato base;2021;7;113756
Resto de Europa;Dato base;2021;7;434998
Resto del Mundo;Dato base;2021;7;135738
Rusia;Dato base;2021;7;19276
Suiza;Dato base;2021;7;156790
Alemania;Dato base;2021;8;679144
Bélgica;Dato base;2021;8;238814
Estados Unidos de América;Dato base;2021;8;113549
Francia;Dato base;2021;8;1292411
Irlanda;Dato base;2021;8;111001
Italia;Dato base;2021;8;309752
Países Bajos;Dato base;2021;8;414900
Países Nórdicos;Dato base;2021;8;174888
Portugal;Dato base;2021;8;254475
Reino Unido;Dato base;2021;8;714013
Resto América;Dato base;2021;8;117694
Resto de Europa;Dato base;2021;8;465719
Resto del Mundo;Dato base;2021;8;152172
Rusia;Dato base;2021;8;14802
Suiza;Dato base;2021;8;143186
Alemania;Dato base;2021;9;833147
Bélgica;Dato base;2021;9;236285
Estados Unidos de América;Dato base;2021;9;140884
Francia;Dato base;2021;9;689153
Irlanda;Dato base;2021;9;130196
Italia;Dato base;2021;9;237310
Países Bajos;Dato base;2021;9;361606
Países Nórdicos;Dato base;2021;9;235910
Portugal;Dato base;2021;9;173206
Reino Unido;Dato base;2021;9;788194
Resto América;Dato base;2021;9;139269
Resto de Europa;Dato base;2021;9;436605
Resto del Mundo;Dato base;2021;9;161128
Rusia;Dato base;2021;9;21095
Suiza;Dato base;2021;9;119944
Alemania;Dato base;2021;10;929665
Bélgica;Dato base;2021;10;207983
Estados Unidos de América;Dato base;2021;10;131656
Francia;Dato base;2021;10;752882
Irlanda;Dato base;2021;10;141892
Italia;Dato base;2021;10;217969
Países Bajos;Dato base;2021;10;366856
Países Nórdicos;Dato base;2021;10;371608
Portugal;Dato base;2021;10;146084
Reino Unido;Dato base;2021;10;957025
Resto América;Dato base;2021;10;172513
Resto de Europa;Dato base;2021;10;396870
Resto del Mundo;Dato base;2021;10;146547
Rusia;Dato base;2021;10;20385
Suiza;Dato base;2021;10;188883
Alemania;Dato base;2021;11;480277
Bélgica;Dato base;2021;11;150687
Estados Unidos de América;Dato base;2021;11;109874
Francia;Dato base;2021;11;498667
Irlanda;Dato base;2021;11;78871
Italia;Dato base;2021;11;211377
Países Bajos;Dato base;2021;11;172807
Países Nórdicos;Dato base;2021;11;285256
Portugal;Dato base;2021;11;114682
Reino Unido;Dato base;2021;11;598624
Resto América;Dato base;2021;11;162047
Resto de Europa;Dato base;2021;11;305597
Resto del Mundo;Dato base;2021;11;112744
Rusia;Dato base;2021;11;13739
Suiza;Dato base;2021;11;66664
Alemania;Dato base;2021;12;404430
Bélgica;Dato base;2021;12;131835
Estados Unidos de América;Dato base;2021;12;97848
Francia;Dato base;2021;12;530562
Irlanda;Dato base;2021;12;61658
Italia;Dato base;2021;12;196774
Países Bajos;Dato base;2021;12;147840
Países Nórdicos;Dato base;2021;12;241406
Portugal;Dato base;2021;12;95354
Reino Unido;Dato base;2021;12;415656
Resto América;Dato base;2021;12;151539
Resto de Europa;Dato base;2021;12;279355
Resto del Mundo;Dato base;2021;12;117876
Rusia;Dato base;2021;12;15886
Suiza;Dato base;2021;12;59506
Alemania;Dato base;2022;1;282002
Bélgica;Dato base;2022;1;103568
Estados Unidos de América;Dato base;2022;1;68894
Francia;Dato base;2022;1;347451
Irlanda;Dato base;2022;1;70208
Italia;Dato base;2022;1;156847
Países Bajos;Dato base;2022;1;185268
Países Nórdicos;Dato base;2022;1;207972
Portugal;Dato base;2022;1;92724
Reino Unido;Dato base;2022;1;364528
Resto América;Dato base;2022;1;166837
Resto de Europa;Dato base;2022;1;304034
Resto del Mundo;Dato base;2022;1;72454
Rusia;Dato base;2022;1;18563
Suiza;Dato base;2022;1;60093
Alemania;Dato base;2022;2;389420
Bélgica;Dato base;2022;2;120461
Estados Unidos de América;Dato base;2022;2;69157
Francia;Dato base;2022;2;514035
Irlanda;Dato base;2022;2;79901
Italia;Dato base;2022;2;166835
Países Bajos;Dato base;2022;2;180896
Países Nórdicos;Dato base;2022;2;248322
Portugal;Dato base;2022;2;130212
Reino Unido;Dato base;2022;2;578598
Resto América;Dato base;2022;2;139871
Resto de Europa;Dato base;2022;2;337723
Resto del Mundo;Dato base;2022;2;139964
Rusia;Dato base;2022;2;12965
Suiza;Dato base;2022;2;70929
Alemania;Dato base;2022;3;608382
Bélgica;Dato base;2022;3;144268
Estados Unidos de América;Dato base;2022;3;150458
Francia;Dato base;2022;3;457400
Irlanda;Dato base;2022;3;109307
Italia;Dato base;2022;3;235869
Países Bajos;Dato base;2022;3;222929
Países Nórdicos;Dato base;2022;3;295894
Portugal;Dato base;2022;3;120769
Reino Unido;Dato base;2022;3;826572
Resto América;Dato base;2022;3;210576
Resto de Europa;Dato base;2022;3;426426
Resto del Mundo;Dato base;2022;3;147694
Rusia;Dato base;2022;3;.
Suiza;Dato base;2022;3;82987
Alemania;Dato base;2022;4;990455
Bélgica;Dato base;2022;4;230930
Estados Unidos de América;Dato base;2022;4;198897
Francia;Dato base;2022;4;826837
Irlanda;Dato base;2022;4;188898
Italia;Dato base;2022;4;298122
Países Bajos;Dato base;2022;4;318612
Países Nórdicos;Dato base;2022;4;388057
Portugal;Dato base;2022;4;206044
Reino Unido;Dato base;2022;4;1245117
Resto América;Dato base;2022;4;307478
Resto de Europa;Dato base;2022;4;561714
Resto del Mundo;Dato base;2022;4;168019
Rusia;Dato base;2022;4;
Suiza;Dato base;2022;4;177137
Alemania;Dato base;2022;5;976860
Bélgica;Dato base;2022;5;199090
Estados Unidos de América;Dato base;2022;5;314776
Francia;Dato base;2022;5;929452
Irlanda;Dato base;2022;5;209181
Italia;Dato base;2022;5;357729
Países Bajos;Dato base;2022;5;421683
Países Nórdicos;Dato base;2022;5;345792
Portugal;Dato base;2022;5;149129
Reino Unido;Dato base;2022;5;1651886
Resto América;Dato base;2022;5;349095
Resto de Europa;Dato base;2022;5;646664
Resto del Mundo;Dato base;2022;5;280006
Rusia;Dato base;2022;5;
Suiza;Dato base;2022;5;157008
Alemania;Dato base;2022;6;1132151
Bélgica;Dato base;2022;6;213015
Estados Unidos de América;Dato base;2022;6;385447
Francia;Dato base;2022;6;869316
Irlanda;Dato base;2022;6;241699
Italia;Dato base;2022;6;403785
Países Bajos;Dato base;2022;6;385829
Países Nórdicos;Dato base;2022;6;382829
Portugal;Dato base;2022;6;234782
Reino Unido;Dato base;2022;6;1809242
Resto América;Dato base;2022;6;373887
Resto de Europa;Dato base;2022;6;652092
Resto del Mundo;Dato base;2022;6;260909
Rusia;Dato base;2022;6;
Suiza;Dato base;2022;6;153173
Alemania;Dato base;2022;7;1097080
Bélgica;Dato base;2022;7;421294
Estados Unidos de América;Dato base;2022;7;364025
Francia;Dato base;2022;7;1421122
Irlanda;Dato base;2022;7;279865
Italia;Dato base;2022;7;471298
Países Bajos;Dato base;2022;7;559885
Países Nórdicos;Dato base;2022;7;577936
Portugal;Dato base;2022;7;302240
Reino Unido;Dato base;2022;7;1893450
Resto América;Dato base;2022;7;398675
Resto de Europa;Dato base;2022;7;735318
Resto del Mundo;Dato base;2022;7;333474
Rusia;Dato base;2022;7;
Suiza;Dato base;2022;7;235727
Alemania;Dato base;2022;8;1111063
Bélgica;Dato base;2022;8;302063
Estados Unidos de América;Dato base;2022;8;223790
Francia;Dato base;2022;8;1647034
Irlanda;Dato base;2022;8;230202
Italia;Dato base;2022;8;640666
Países Bajos;Dato base;2022;8;526669
Países Nórdicos;Dato base;2022;8;308597
Portugal;Dato base;2022;8;436687
Reino Unido;Dato base;2022;8;1840664
Resto América;Dato base;2022;8;297488
Resto de Europa;Dato base;2022;8;719280
Resto del Mundo;Dato base;2022;8;396199
Rusia;Dato base;2022;8;
Suiza;Dato base;2022;8;168263
Alemania;Dato base;2022;9;1141699
Bélgica;Dato base;2022;9;281751
Estados Unidos de América;Dato base;2022;9;337593
Francia;Dato base;2022;9;915947
Irlanda;Dato base;2022;9;233272
Italia;Dato base;2022;9;401483
Países Bajos;Dato base;2022;9;415211
Países Nórdicos;Dato base;2022;9;381768
Portugal;Dato base;2022;9;259647
Reino Unido;Dato base;2022;9;1794754
Resto América;Dato base;2022;9;394644
Resto de Europa;Dato base;2022;9;704789
Resto del Mundo;Dato base;2022;9;334717
Rusia;Dato base;2022;9;
Suiza;Dato base;2022;9;169936
Alemania;Dato base;2022;10;1059486
Bélgica;Dato base;2022;10;221570
Estados Unidos de América;Dato base;2022;10;316276
Francia;Dato base;2022;10;915762
Irlanda;Dato base;2022;10;217518
Italia;Dato base;2022;10;356677
Países Bajos;Dato base;2022;10;351388
Países Nórdicos;Dato base;2022;10;482246
Portugal;Dato base;2022;10;162431
Reino Unido;Dato base;2022;10;1525460
Resto América;Dato base;2022;10;420832
Resto de Europa;Dato base;2022;10;623625
Resto del Mundo;Dato base;2022;10;301242
Rusia;Dato base;2022;10;
Suiza;Dato base;2022;10;222471
Alemania;Dato base;2022;11;526060
Bélgica;Dato base;2022;11;141745
Estados Unidos de América;Dato base;2022;11;200787
Francia;Dato base;2022;11;589080
Irlanda;Dato base;2022;11;124203
Italia;Dato base;2022;11;264514
Países Bajos;Dato base;2022;11;187890
Países Nórdicos;Dato base;2022;11;363681
Portugal;Dato base;2022;11;125165
Reino Unido;Dato base;2022;11;826874
Resto América;Dato base;2022;11;263709
Resto de Europa;Dato base;2022;11;429285
Resto del Mundo;Dato base;2022;11;209776
Rusia;Dato base;2022;11;
Suiza;Dato base;2022;11;81883
Alemania;Dato base;2022;12;453940
Bélgica;Dato base;2022;12;133634
Estados Unidos de América;Dato base;2022;12;171374
Francia;Dato base;2022;12;662604
Irlanda;Dato base;2022;12;105208
Italia;Dato base;2022;12;257314
Países Bajos;Dato base;2022;12;166830
Países Nórdicos;Dato base;2022;12;308131
Portugal;Dato base;2022;12;196106
Reino Unido;Dato base;2022;12;764766
Resto América;Dato base;2022;12;234845
Resto de Europa;Dato base;2022;12;404824
Resto del Mundo;Dato base;2022;12;192590
Rusia;Dato base;2022;12;
Suiza;Dato base;2022;12;75126
Alemania;Dato base;2023;1;479860
Bélgica;Dato base;2023;1;135932
Estados Unidos de América;Dato base;2023;1;139794
Francia;Dato base;2023;1;484456
Irlanda;Dato base;2023;1;115585
Italia;Dato base;2023;1;280836
Países Bajos;Dato base;2023;1;204528
Países Nórdicos;Dato base;2023;1;343262
Portugal;Dato base;2023;1;140387
Reino Unido;Dato base;2023;1;742154
Resto América;Dato base;2023;1;286717
Resto de Europa;Dato base;2023;1;478368
Resto del Mundo;Dato base;2023;1;218375
Rusia;Dato base;2023;1;
Suiza;Dato base;2023;1;84740
Alemania;Dato base;2023;2;532120
Bélgica;Dato base;2023;2;119766
Estados Unidos de América;Dato base;2023;2;132520
Francia;Dato base;2023;2;628078
Irlanda;Dato base;2023;2;110658
Italia;Dato base;2023;2;238635
Países Bajos;Dato base;2023;2;183275
Países Nórdicos;Dato base;2023;2;332516
Portugal;Dato base;2023;2;166181
Reino Unido;Dato base;2023;2;781118
Resto América;Dato base;2023;2;239448
Resto de Europa;Dato base;2023;2;500940
Resto del Mundo;Dato base;2023;2;254059
Rusia;Dato base;2023;2;
Suiza;Dato base;2023;2;101351
Alemania;Dato base;2023;3;706069
Bélgica;Dato base;2023;3;154350
Estados Unidos de América;Dato base;2023;3;258508
Francia;Dato base;2023;3;600735
Irlanda;Dato base;2023;3;139160
Italia;Dato base;2023;3;315773
Países Bajos;Dato base;2023;3;239466
Países Nórdicos;Dato base;2023;3;385016
Portugal;Dato base;2023;3;172206
Reino Unido;Dato base;2023;3;1059681
Resto América;Dato base;2023;3;286173
Resto de Europa;Dato base;2023;3;546555
Resto del Mundo;Dato base;2023;3;285284
Rusia;Dato base;2023;3;
Suiza;Dato base;2023;3;98363
Alemania;Dato base;2023;4;1009178
Bélgica;Dato base;2023;4;247704
Estados Unidos de América;Dato base;2023;4;320471
Francia;Dato base;2023;4;1045941
Irlanda;Dato base;2023;4;217559
Italia;Dato base;2023;4;387229
Países Bajos;Dato base;2023;4;375048
Países Nórdicos;Dato base;2023;4;428941
Portugal;Dato base;2023;4;253568
Reino Unido;Dato base;2023;4;1350327
Resto América;Dato base;2023;4;388338
Resto de Europa;Dato base;2023;4;681565
Resto del Mundo;Dato base;2023;4;307189
Rusia;Dato base;2023;4;
Suiza;Dato base;2023;4;215036
Alemania;Dato base;2023;5;1124990
Bélgica;Dato base;2023;5;239007
Estados Unidos de América;Dato base;2023;5;435908
Francia;Dato base;2023;5;1149677
Irlanda;Dato base;2023;5;240605
Italia;Dato base;2023;5;422069
Países Bajos;Dato base;2023;5;436696
Países Nórdicos;Dato base;2023;5;337942
Portugal;Dato base;2023;5;177409
Reino Unido;Dato base;2023;5;1809842
Resto América;Dato base;2023;5;503571
Resto de Europa;Dato base;2023;5;729806
Resto del Mundo;Dato base;2023;5;506592
Rusia;Dato base;2023;5;
Suiza;Dato base;2023;5;186270
Alemania;Dato base;2023;6;1155935
Bélgica;Dato base;2023;6;202407
Estados Unidos de América;Dato base;2023;6;521113
Francia;Dato base;2023;6;909059
Irlanda;Dato base;2023;6;284136
Italia;Dato base;2023;6;428485
Países Bajos;Dato base;2023;6;388378
Países Nórdicos;Dato base;2023;6;394490
Portugal;Dato base;2023;6;244203
Reino Unido;Dato base;2023;6;1967965
Resto América;Dato base;2023;6;448636
Resto de Europa;Dato base;2023;6;714999
Resto del Mundo;Dato base;2023;6;465293
Rusia;Dato base;2023;6;
Suiza;Dato base;2023;6;182361
Alemania;Dato base;2023;7;1173471
Bélgica;Dato base;2023;7;456408
Estados Unidos de América;Dato base;2023;7;439762
Francia;Dato base;2023;7;1562150
Irlanda;Dato base;2023;7;299760
Italia;Dato base;2023;7;543476
Países Bajos;Dato base;2023;7;599314
Países Nórdicos;Dato base;2023;7;584483
Portugal;Dato base;2023;7;351766
Reino Unido;Dato base;2023;7;1998014
Resto América;Dato base;2023;7;491325
Resto de Europa;Dato base;2023;7;845067
Resto del Mundo;Dato base;2023;7;517020
Rusia;Dato base;2023;7;
Suiza;Dato base;2023;7;254900
Alemania;Dato base;2023;8;1181927
Bélgica;Dato base;2023;8;331671
Estados Unidos de América;Dato base;2023;8;292531
Francia;Dato base;2023;8;1974734
Irlanda;Dato base;2023;8;282528
Italia;Dato base;2023;8;742187
Países Bajos;Dato base;2023;8;555125
Países Nórdicos;Dato base;2023;8;330545
Portugal;Dato base;2023;8;460763
Reino Unido;Dato base;2023;8;2036999
Resto América;Dato base;2023;8;424393
Resto de Europa;Dato base;2023;8;835635
Resto del Mundo;Dato base;2023;8;526577
Rusia;Dato base;2023;8;
Suiza;Dato base;2023;8;210547
Alemania;Dato base;2023;9;1295042
Bélgica;Dato base;2023;9;280499
Estados Unidos de América;Dato base;2023;9;436934
Francia;Dato base;2023;9;958862
Irlanda;Dato base;2023;9;266490
Italia;Dato base;2023;9;431025
Países Bajos;Dato base;2023;9;472981
Países Nórdicos;Dato base;2023;9;405219
Portugal;Dato base;2023;9;281754
Reino Unido;Dato base;2023;9;1943531
Resto América;Dato base;2023;9;466313
Resto de Europa;Dato base;2023;9;791702
Resto del Mundo;Dato base;2023;9;554223
Rusia;Dato base;2023;9;
Suiza;Dato base;2023;9;210850
Alemania;Dato base;2023;10;1146363
Bélgica;Dato base;2023;10;234169
Estados Unidos de América;Dato base;2023;10;397746
Francia;Dato base;2023;10;995832
Irlanda;Dato base;2023;10;249985
Italia;Dato base;2023;10;404351
Países Bajos;Dato base;2023;10;430650
Países Nórdicos;Dato base;2023;10;505173
Portugal;Dato base;2023;10;174670
Reino Unido;Dato base;2023;10;1710770
Resto América;Dato base;2023;10;489176
Resto de Europa;Dato base;2023;10;712863
Resto del Mundo;Dato base;2023;10;497270
Rusia;Dato base;2023;10;
Suiza;Dato base;2023;10;238006
Alemania;Dato base;2023;11;623346
Bélgica;Dato base;2023;11;186593
Estados Unidos de América;Dato base;2023;11;241554
Francia;Dato base;2023;11;639773
Irlanda;Dato base;2023;11;145107
Italia;Dato base;2023;11;302456
Países Bajos;Dato base;2023;11;229622
Países Nórdicos;Dato base;2023;11;405135
Portugal;Dato base;2023;11;145035
Reino Unido;Dato base;2023;11;949322
Resto América;Dato base;2023;11;314840
Resto de Europa;Dato base;2023;11;535465
Resto del Mundo;Dato base;2023;11;311128
Rusia;Dato base;2023;11;
Suiza;Dato base;2023;11;106121
Alemania;Dato base;2023;12;561358
Bélgica;Dato base;2023;12;170177
Estados Unidos de América;Dato base;2023;12;219043
Francia;Dato base;2023;12;818968
Irlanda;Dato base;2023;12;124530
Italia;Dato base;2023;12;353227
Países Bajos;Dato base;2023;12;205546
Países Nórdicos;Dato base;2023;12;342953
Portugal;Dato base;2023;12;234831
Reino Unido;Dato base;2023;12;912563
Resto América;Dato base;2023;12;295809
Resto de Europa;Dato base;2023;12;522254
Resto del Mundo;Dato base;2023;12;334173
Rusia;Dato base;2023;12;
Suiza;Dato base;2023;12;113652
Alemania;Dato base;2024;1;551064
Bélgica;Dato base;2024;1;160027
Estados Unidos de América;Dato base;2024;1;176301
Francia;Dato base;2024;1;571720
Irlanda;Dato base;2024;1;146957
Italia;Dato base;2024;1;323793
Países Bajos;Dato base;2024;1;216467
Países Nórdicos;Dato base;2024;1;370480
Portugal;Dato base;2024;1;130530
Reino Unido;Dato base;2024;1;832977
Resto América;Dato base;2024;1;354564
Resto de Europa;Dato base;2024;1;538474
Resto del Mundo;Dato base;2024;1;290408
Rusia;Dato base;2024;1;
Suiza;Dato base;2024;1;111785
Alemania;Dato base;2024;2;592522
Bélgica;Dato base;2024;2;166964
Estados Unidos de América;Dato base;2024;2;164930
Francia;Dato base;2024;2;620585
Irlanda;Dato base;2024;2;133025
Italia;Dato base;2024;2;299732
Países Bajos;Dato base;2024;2;248738
Países Nórdicos;Dato base;2024;2;374406
Portugal;Dato base;2024;2;161938
Reino Unido;Dato base;2024;2;939504
Resto América;Dato base;2024;2;269900
Resto de Europa;Dato base;2024;2;573445
Resto del Mundo;Dato base;2024;2;379413
Rusia;Dato base;2024;2;
Suiza;Dato base;2024;2;88395
Alemania;Dato base;2024;3;909458
Bélgica;Dato base;2024;3;201251
Estados Unidos de América;Dato base;2024;3;286915
Francia;Dato base;2024;3;791050
Irlanda;Dato base;2024;3;168874
Italia;Dato base;2024;3;339758
Países Bajos;Dato base;2024;3;265940
Países Nórdicos;Dato base;2024;3;459625
Portugal;Dato base;2024;3;194328
Reino Unido;Dato base;2024;3;1198166
Resto América;Dato base;2024;3;334538
Resto de Europa;Dato base;2024;3;725686
Resto del Mundo;Dato base;2024;3;350898
Rusia;Dato base;2024;3;
Suiza;Dato base;2024;3;123985
Alemania;Dato base;2024;4;1136338
Bélgica;Dato base;2024;4;293255
Estados Unidos de América;Dato base;2024;4;355374
Francia;Dato base;2024;4;1134898
Irlanda;Dato base;2024;4;237994
Italia;Dato base;2024;4;456435
Países Bajos;Dato base;2024;4;393641
Países Nórdicos;Dato base;2024;4;401590
Portugal;Dato base;2024;4;217041
Reino Unido;Dato base;2024;4;1456673
Resto América;Dato base;2024;4;362264
Resto de Europa;Dato base;2024;4;770931
Resto del Mundo;Dato base;2024;4;352119
Rusia;Dato base;2024;4;
Suiza;Dato base;2024;4;215197
Alemania;Dato base;2024;5;1233336
Bélgica;Dato base;2024;5;256939
Estados Unidos de América;Dato base;2024;5;500718
Francia;Dato base;2024;5;1279345
Irlanda;Dato base;2024;5;290193
Italia;Dato base;2024;5;477792
Países Bajos;Dato base;2024;5;505310
Países Nórdicos;Dato base;2024;5;385531
Portugal;Dato base;2024;5;193070
Reino Unido;Dato base;2024;5;1913013
Resto América;Dato base;2024;5;536566
Resto de Europa;Dato base;2024;5;857770
Resto del Mundo;Dato base;2024;5;616416
Rusia;Dato base;2024;5;
Suiza;Dato base;2024;5;209987
Alemania;Dato base;2024;6;1136095
Bélgica;Dato base;2024;6;267049
Estados Unidos de América;Dato base;2024;6;570710
Francia;Dato base;2024;6;1010876
Irlanda;Dato base;2024;6;329600
Italia;Dato base;2024;6;513067
Países Bajos;Dato base;2024;6;477192
Países Nórdicos;Dato base;2024;6;437362
Portugal;Dato base;2024;6;293341
Reino Unido;Dato base;2024;6;2134301
Resto América;Dato base;2024;6;495862
Resto de Europa;Dato base;2024;6;852857
Resto del Mundo;Dato base;2024;6;570013
Rusia;Dato base;2024;6;
Suiza;Dato base;2024;6;211249
Alemania;Dato base;2024;7;1245154
Bélgica;Dato base;2024;7;501878
Estados Unidos de América;Dato base;2024;7;487448
Francia;Dato base;2024;7;1610659
Irlanda;Dato base;2024;7;312682
Italia;Dato base;2024;7;579117
Países Bajos;Dato base;2024;7;700249
Países Nórdicos;Dato base;2024;7;623715
Portugal;Dato base;2024;7;368977
Reino Unido;Dato base;2024;7;2056858
Resto América;Dato base;2024;7;524118
Resto de Europa;Dato base;2024;7;928598
Resto del Mundo;Dato base;2024;7;607795
Rusia;Dato base;2024;7;
Suiza;Dato base;2024;7;305099
Alemania;Dato base;2024;8;1241126
Bélgica;Dato base;2024;8;334731
Estados Unidos de América;Dato base;2024;8;369449
Francia;Dato base;2024;8;2131608
Irlanda;Dato base;2024;8;288305
Italia;Dato base;2024;8;798493
Países Bajos;Dato base;2024;8;581921
Países Nórdicos;Dato base;2024;8;324508
Portugal;Dato base;2024;8;526735
Reino Unido;Dato base;2024;8;2119112
Resto América;Dato base;2024;8;465353
Resto de Europa;Dato base;2024;8;945668
Resto del Mundo;Dato base;2024;8;604641
Rusia;Dato base;2024;8;
Suiza;Dato base;2024;8;197935
Alemania;Dato base;2024;9;1313851
Bélgica;Dato base;2024;9;315702
Estados Unidos de América;Dato base;2024;9;444619
Francia;Dato base;2024;9;1096509
Irlanda;Dato base;2024;9;295179
Italia;Dato base;2024;9;507225
Países Bajos;Dato base;2024;9;496045
Países Nórdicos;Dato base;2024;9;438162
Portugal;Dato base;2024;9;304904
Reino Unido;Dato base;2024;9;2042844
Resto América;Dato base;2024;9;560376
Resto de Europa;Dato base;2024;9;959072
Resto del Mundo;Dato base;2024;9;616542
Rusia;Dato base;2024;9;
Suiza;Dato base;2024;9;210986
Alemania;Dato base;2024;10;1305958
Bélgica;Dato base;2024;10;244066
Estados Unidos de América;Dato base;2024;10;424712
Francia;Dato base;2024;10;1152755
Irlanda;Dato base;2024;10;272216
Italia;Dato base;2024;10;456364
Países Bajos;Dato base;2024;10;427581
Países Nórdicos;Dato base;2024;10;553130
Portugal;Dato base;2024;10;191681
Reino Unido;Dato base;2024;10;1788802
Resto América;Dato base;2024;10;555032
Resto de Europa;Dato base;2024;10;814021
Resto del Mundo;Dato base;2024;10;538931
Rusia;Dato base;2024;10;
Suiza;Dato base;2024;10;236683
Alemania;Dato base;2024;11;650582
Bélgica;Dato base;2024;11;147961
Estados Unidos de América;Dato base;2024;11;271471
Francia;Dato base;2024;11;750972
Irlanda;Dato base;2024;11;148992
Italia;Dato base;2024;11;370049
Países Bajos;Dato base;2024;11;244882
Países Nórdicos;Dato base;2024;11;401750
Portugal;Dato base;2024;11;175924
Reino Unido;Dato base;2024;11;1000797
Resto América;Dato base;2024;11;399319
Resto de Europa;Dato base;2024;11;646641
Resto del Mundo;Dato base;2024;11;361516
Rusia;Dato base;2024;11;
Suiza;Dato base;2024;11;99363
Alemania;Dato base;2024;12;623545
Bélgica;Dato base;2024;12;170298
Estados Unidos de América;Dato base;2024;12;214290
Francia;Dato base;2024;12;772023
Irlanda;Dato base;2024;12;144479
Italia;Dato base;2024;12;375778
Países Bajos;Dato base;2024;12;227079
Países Nórdicos;Dato base;2024;12;355953
Portugal;Dato base;2024;12;225420
Reino Unido;Dato base;2024;12;899215
Resto América;Dato base;2024;12;304141
Resto de Europa;Dato base;2024;12;513108
Resto del Mundo;Dato base;2024;12;326662
Rusia;Dato base;2024;12;
Suiza;Dato base;2024;12;112386
